{"cameraMode":{"drawMode":0,"name":"Shaded","section":"Shading Mode"},"sceneLighting":true,"audioPlay":false,"sceneViewState":{"showFog":true,"showMaterialUpdate":false,"showSkybox":true,"showFlares":true,"showImageEffects":true,"showParticleSystems":true},"in2DMode":false,"pivot":{"x":504.69403076171877,"y":292.2397155761719,"z":-1330.7364501953125},"rotation":{"x":0.00783460307866335,"y":-0.9353514909744263,"z":-0.02075861394405365,"w":-0.3530232310295105},"size":1447.2833251953125,"orthographic":false}