{"cameraMode":{"drawMode":0,"name":"Shaded","section":"Shading Mode"},"sceneLighting":true,"audioPlay":false,"sceneViewState":{"showFog":true,"showMaterialUpdate":false,"showSkybox":true,"showFlares":true,"showImageEffects":true,"showParticleSystems":true},"in2DMode":false,"pivot":{"x":5.661130905151367,"y":-22.381908416748048,"z":16.875106811523439},"rotation":{"x":-0.3311518132686615,"y":-0.11435066163539887,"z":-0.005464994348585606,"w":-0.9366069436073303},"size":95.77287292480469,"orthographic":false}